Zip,Lat,Long
07302,40.689971, -74.0461025
10001,40.7475672, -73.987298
10001,40.7447178, -73.9951959
10001,40.7472363, -73.9933578
10001,40.7496396, -73.999034
10001,40.7577195, -74.0024316
10001,40.7602739, -74.0014019
10002,40.7098961, -73.9855833
10002,40.7101181, -73.9932525
10002,40.714369, -73.9775854
10002,40.7159065, -73.9820936
10002,40.7151603, -73.9873313
10002,40.7175134, -73.9858814
10002,40.7159568, -73.993266
10002,40.7190464, -73.9908407
10002,40.7210056, -73.9868387
10002,40.7223222, -73.9911397
10003,40.7245631, -73.990206
10003,40.727367, -73.9884655
10003,40.7302738, -73.9849042
10003,40.7312436, -73.9872095
10003,40.7317996, -73.989367
10003,40.7361115, -73.9872138
10003,40.7374356, -73.9904555
10003,40.7294159, -73.992391
10003,40.7312894, -73.9945614
10003,40.7337079, -73.9923266
10004,40.6906201, -74.0188321
10006,40.709126, -74.0129925
10007,40.7143288, -74.0100498
10007,40.7133674, -74.0018801
10009,40.7167358, -73.975094
10009,40.7206299, -73.9750259
10009,40.7191156, -73.9818442
10009,40.7212597, -73.981141
10009,40.7232443, -73.9730207
10009,40.722585, -73.9799302
10009,40.7243901, -73.978616
10009,40.7268631, -73.9768122
10009,40.7229641, -73.9858661
10009,40.7255579, -73.9837166
10009,40.7290092, -73.9814618
10009,40.7278421, -73.9715756
10010,40.7417922, -73.9872974
10010,40.7431498, -73.9905172
10010,40.7338155, -73.9755951
10010,40.7369488, -73.9814569
10011,40.7388112, -73.993678
10011,40.7344214, -73.9968603
10011,40.7354477, -73.9999139
10011,40.7398052, -73.9987715
10011,40.7422439, -73.9969962
10011,40.744638, -74.0026785
10011,40.7471119, -74.0008753
10011,40.7482954, -74.0083826
10012,40.7233237, -73.9954663
10012,40.7250607, -74.0004801
10012,40.7276733, -73.997083
10012,40.7262229, -73.993872
10012,40.7299685, -73.9995773
10013,40.7151605, -73.9988278
10013,40.7188624, -74.0061463
10013,40.7266923, -74.0097605
10013,40.7204979, -74.0122661
10013,40.7191639, -73.9966957
10013,40.7205701, -73.9993912
10013,40.722419, -74.0028628
10014,40.7304513, -74.0041204
10014,40.7294288, -74.0125049
10014,40.7341146, -74.0041065
10014,40.7338139, -74.0095895
10014,40.738085, -74.0032967
10014,40.7371288, -74.0090592
10016,40.7400705, -73.9792317
10016,40.7427062, -73.9758221
10016,40.7436753, -73.9781284
10016,40.7448656, -73.9808585
10016,40.7462136, -73.9840829
10016,40.7492588, -73.977652
10016,40.7506132, -73.9808741
10017,40.7467054, -73.9701026
10017,40.7503107, -73.9673058
10017,40.7494997, -73.9723847
10017,40.7526586, -73.9700939
10017,40.7536476, -73.9747422
10017,40.7552279, -73.9777463
10018,40.7519695, -73.9840942
10018,40.7525025, -74.0066963
10018,40.7522505, -73.9897028
10018,40.7546475, -73.9953878
10018,40.7571679, -73.9935486
10019,40.7421983, -74.004453
10019,40.7607791, -73.9776729
10019,40.7639781, -73.9753455
10019,40.762237, -73.9898561
10019,40.7623458, -73.9823535
10019,40.7647381, -73.9880352
10019,40.7688215, -73.9973665
10019,40.7652144, -73.9802379
10019,40.7672922, -73.9861712
10021,40.7634831, -73.9672789
10021,40.7660559, -73.9529175
10021,40.7679933, -73.9574068
10021,40.7689663, -73.9597086
10021,40.7713809, -73.9615172
10021,40.7727364, -73.9647332
10021,40.7686024, -73.9508486
10021,40.7717015, -73.9561657
10022,40.7548017, -73.9634783
10022,40.755788, -73.9677745
10022,40.7594238, -73.9744493
10022,40.7570025, -73.960385
10022,40.7579788, -73.9661732
10022,40.7591222, -73.9638752
10022,40.7600939, -73.9661805
10022,40.762604, -73.9721311
10022,40.7612444, -73.9689142
10023,40.7698209, -73.9842729
10023,40.7738397, -73.9869713
10023,40.7742589, -73.9792408
10023,40.775453, -73.982082
10023,40.7766512, -73.9849195
10023,40.7774174, -73.9787895
10023,40.779949, -73.9771935
10024,40.7813172, -73.9668472
10024,40.7823577, -73.9749988
10024,40.7861484, -73.9838791
10024,40.7851959, -73.9731196
10024,40.7888333, -73.9828254
10024,40.7877705, -73.9712361
10024,40.7915227, -73.9798883
10025,40.7723543, -73.9824832
10025,40.7903082, -73.969389
10025,40.7944258, -73.9789459
10025,40.792556, -73.9677459
10025,40.7967863, -73.9769266
10025,40.7944999, -73.9663637
10025,40.7973281, -73.9642508
10025,40.8005051, -73.9619565
10025,40.805311, -73.9593993
10026,40.799106, -73.9497088
10026,40.8019615, -73.9476195
10026,40.802189, -73.9579879
10026,40.8050511, -73.9566329
10026,40.8006768, -73.954388
10026,40.8032221, -73.9525241
10026,40.8057836, -73.950657
10027,40.8057858, -73.9452337
10027,40.8064355, -73.9602048
10027,40.808669, -73.9615617
10027,40.8089775, -73.95846
10027,40.8096485, -73.942008
10027,40.8115578, -73.9550032
10027,40.8145587, -73.9531391
10027,40.8135272, -73.9494713
10027,40.8185701, -73.9603228
10027,40.8083402, -73.9487876
10027,40.8134304, -73.9448115
10027,40.8084355, -73.9540741
10028,40.7720164, -73.9462409
10028,40.7718694, -73.9485449
10028,40.7739562, -73.9484961
10028,40.7749214, -73.9538152
10028,40.7759141, -73.95821
10028,40.7772742, -73.9614257
10028,40.7752485, -73.9475522
10028,40.7801987, -73.9592834
10029,40.7865243, -73.950465
10029,40.788038, -73.9405522
10029,40.7877141, -73.9444744
10029,40.7910751, -73.9513565
10029,40.7909025, -73.9421468
10029,40.793827, -73.9451333
10029,40.7948875, -73.948576
10029,40.7944017, -73.939595
10029,40.7983211, -73.9418511
10029,40.7996841, -73.9450687
10030,40.8186544, -73.9461862
10030,40.8159297, -73.9432453
10030,40.8184725, -73.9413895
10030,40.8210133, -73.9395314
10031,40.8179349, -73.9497563
10031,40.8221683, -73.9578271
10031,40.8208293, -73.9587889
10031,40.8250966, -73.9571997
10031,40.8229662, -73.9464621
10031,40.8270084, -73.9554483
10031,40.8258302, -73.9440935
10031,40.8289458, -73.9513615
10031,40.8289967, -73.9418352
10031,40.8306255, -73.94856
10031,40.840326, -73.9399227
10032,40.8323375, -73.9410642
10032,40.8351464, -73.9480107
10032,40.8359721, -73.9387601
10032,40.8366264, -73.942098
10032,40.8385682, -73.9473733
10032,40.8391286, -73.9364494
10032,40.8428948, -73.9383791
10033,40.8453597, -73.9446867
10033,40.8457845, -73.9344552
10033,40.8468225, -73.9374754
10033,40.8496217, -73.9401308
10033,40.8503283, -73.9286454
10033,40.8519438, -73.934294
10033,40.8539791, -73.9373845
10033,40.8467498, -73.9296801
10034,40.8548362, -73.9405398
10034,40.8635566, -73.9324786
10034,40.864311, -73.9239339
10034,40.8659258, -73.92012
10034,40.8675232, -73.9249404
10034,40.8717465, -73.9247883
10034,40.8665217, -73.9152652
10034,40.8692197, -73.918653
10034,40.8712704, -73.9166749
10035,40.7338561, -73.9837298
10035,40.7463235, -73.9746729
10035,40.7669264, -73.9647673
10035,40.7771917, -73.9521608
10035,40.7788416, -73.9560743
10035,40.7824762, -73.9498497
10035,40.7851821, -73.9463254
10035,40.7968026, -73.9471624
10035,40.7935107, -73.9326073
10035,40.7975948, -73.9372599
10035,40.7987751, -73.9294062
10035,40.8004651, -73.9351859
10035,40.8028054, -73.9385762
10035,40.8082917, -73.9387853
10035,40.8058563, -73.9335113
10036,40.7563748, -73.9808861
10036,40.7547752, -73.9878702
10036,40.7573151, -73.9860247
10036,40.7591106, -73.9902796
10036,40.7603073, -73.99312
10036,40.7598407, -73.9841752
10036,40.766423, -73.999293
10037,40.7404366, -73.9840803
10037,40.7856349, -73.9553223
10037,40.7878787, -73.9536852
10037,40.7893731, -73.9483928
10037,40.8043025, -73.9423627
10037,40.813496, -73.9351482
10037,40.813761, -73.9390011
10037,40.8177873, -73.9362053
10038,40.7102579, -73.9880558
10038,40.7075653, -74.0013991
10038,40.7055773, -74.0026158
10038,40.7089899, -73.9962356
10039,40.8111222, -73.9469598
10039,40.8237307, -73.9386704
10039,40.8278881, -73.9389277
10039,40.8249736, -73.9354598
10039,40.8313739, -73.936263
10039,40.8232145, -73.9423561
10040,40.8505567, -73.9309745
10040,40.8554404, -73.9273892
10040,40.8558577, -73.9316271
10040,40.8570577, -73.9345343
10040,40.8589101, -73.9287249
10040,40.8615008, -73.9280489
10044,40.7705618, -73.9420198
10044,40.7619138, -73.9483646
10044,40.7538306, -73.9573893
10065,40.7600894, -73.9582412
10065,40.7621475, -73.9631393
10065,40.7648402, -73.9704939
10065,40.7625331, -73.9557917
10065,40.7652748, -73.9608554
10065,40.7682812, -73.9679849
10069,40.7639029, -74.0010728
10069,40.7714265, -73.9956189
10069,40.7713286, -73.9888036
10069,40.774577, -73.9926715
10069,40.7788096, -73.9890168
10069,40.7806226, -73.9874341
10069,40.7832251, -73.9850648
10075,40.7698148, -73.9496966
10075,40.7708902, -73.9522736
10075,40.7728408, -73.9508479
10115,40.7994227, -73.9754109
10115,40.8015611, -73.9722959
10115,40.804003, -73.9705048
10115,40.806543, -73.9687765
10115,40.8105786, -73.9651393
10115,40.8159057, -73.9631154
10119,40.7497314, -73.9915412
10119,40.7521351, -73.9972172
10128,40.7762431, -73.9453169
10128,40.7788147, -73.9509749
10128,40.7810927, -73.9544321
10128,40.7824499, -73.9576478
10128,40.7792328, -73.9390563
10128,40.7804088, -73.949814
10128,40.781504, -73.9475449
10128,40.7835685, -73.9475024
10128,40.7842784, -73.9521037
10275,40.7029173, -74.0155758
10278,40.7125508, -73.9990121
10280,40.7065686, -74.0181436
10282,40.7167676, -74.0155925
10301,40.6433411, -74.0752575
10301,40.6478262, -74.0809582
10301,40.6422065, -74.0828564
10301,40.6387763, -74.0826654
10301,40.6318596, -74.0752255
10301,40.6211881, -74.0933501
10301,40.6241678, -74.1014233
10301,40.6275046, -74.0943767
10301,40.6355428, -74.1012037
10301,40.6335987, -74.0909457
10301,40.6378663, -74.0902676
10301,40.6430458, -74.0937905
10301,40.6422374, -74.1032351
10301,40.6187861, -74.1123456
10301,40.6123868, -74.1094587
10302,40.6240388, -74.1342646
10302,40.6391004, -74.1389016
10302,40.639424, -74.1303523
10302,40.6326156, -74.138903
10302,40.6275152, -74.1417619
10303,40.6366982, -74.149025
10303,40.6301244, -74.1563206
10303,40.6295171, -74.1493007
10303,40.6235288, -74.1587435
10303,40.6303035, -74.1633211
10303,40.6379208, -74.1655701
10303,40.6369269, -74.1761443
10304,40.6344084, -74.0812295
10304,40.6235871, -74.0764274
10304,40.6196581, -74.0827407
10304,40.6255983, -74.086618
10304,40.6188936, -74.0757005
10304,40.6129115, -74.0794206
10304,40.6143281, -74.0833879
10304,40.6092915, -74.0852715
10304,40.6141999, -74.0947353
10304,40.6049549, -74.08666
10304,40.5969283, -74.0886024
10304,40.5907821, -74.0951596
10304,40.6028548, -74.1067914
10304,40.5981757, -74.097294
10305,40.6104075, -74.060977
10305,40.6119514, -74.0677131
10305,40.6014236, -74.0540856
10305,40.6068893, -74.0709805
10305,40.6014736, -74.070295
10305,40.6110687, -74.0759
10305,40.5972427, -74.0785031
10305,40.5899525, -74.0868322
10305,40.5864329, -74.0802094
10305,40.5915459, -74.0629365
10305,40.5857439, -74.0990981
10306,40.5769871, -74.0867381
10306,40.5737677, -74.0973899
10306,40.5683779, -74.0996667
10306,40.5811925, -74.1049524
10306,40.5759718, -74.1114581
10306,40.5626143, -74.1008025
10306,40.5528682, -74.1153369
10306,40.557671, -74.1076715
10306,40.5647779, -74.1225721
10306,40.5594209, -74.1302418
10306,40.5698839, -74.1174466
10306,40.5704889, -74.1318818
10306,40.5612628, -74.1398995
10306,40.5903001, -74.1218647
10307,40.5086733, -74.2386183
10307,40.4997874, -74.2384712
10307,40.5174031, -74.243356
10308,40.5490558, -74.1423045
10308,40.5500383, -74.1597547
10308,40.5588899, -74.1495429
10308,40.556922, -74.1641209
10308,40.5584655, -74.156518
10308,40.5466801, -74.12964
10308,40.5421524, -74.1545777
10308,40.5735249, -74.157448
10309,40.5135721, -74.2021256
10309,40.5328231, -74.2106656
10309,40.5358036, -74.1995324
10309,40.5477446, -74.2142526
10309,40.5495653, -74.205791
10309,40.5313464, -74.219857
10309,40.5395224, -74.2308266
10310,40.6422286, -74.1121243
10310,40.633799, -74.1118714
10310,40.6258789, -74.1096443
10310,40.6286776, -74.1188468
10310,40.6355984, -74.1189103
10310,40.6358875, -74.1235004
10310,40.6288617, -74.1268936
10311,40.5801048, -74.1636581
10312,40.5360199, -74.1618034
10312,40.5314236, -74.1553663
10312,40.5385208, -74.1819957
10312,40.5578991, -74.1890985
10312,40.5429309, -74.1895874
10312,40.5456376, -74.1702297
10312,40.5529791, -74.1734596
10312,40.5505833, -74.1969608
10312,40.5484415, -74.1942561
10312,40.5512814, -74.1824317
10312,40.5586998, -74.17761
10312,40.5252077, -74.1711061
10312,40.5660394, -74.2030243
10312,40.5784063, -74.1769344
10314,40.6195298, -74.1275942
10314,40.6052791, -74.1182769
10314,40.6107434, -74.1272545
10314,40.6033616, -74.128907
10314,40.6043769, -74.1237416
10314,40.6119223, -74.140048
10314,40.6050832, -74.1379801
10314,40.6169844, -74.1352404
10314,40.6180182, -74.146035
10314,40.5996828, -74.1521427
10314,40.595528, -74.1387179
10314,40.5854221, -74.1515103
10314,40.5882479, -74.156982
10314,40.5909369, -74.1619016
10314,40.6111984, -74.1906935
10314,40.6137234, -74.1635029
10314,40.6076064, -74.1745417
10314,40.5973644, -74.1651641
10314,40.6189198, -74.15612
10451,40.8132061, -73.9275676
10451,40.8241059, -73.9234371
10451,40.8222497, -73.9226729
10451,40.8299696, -73.926411
10451,40.8173983, -73.9216592
10451,40.8218666, -73.9157567
10451,40.8237653, -73.912295
10451,40.8277474, -73.9121298
10451,40.826296, -73.9165227
10451,40.8286371, -73.9208133
10452,40.8212801, -73.928879
10452,40.8317231, -73.9302072
10452,40.8363471, -73.929323
10452,40.8304774, -73.9225235
10452,40.8352051, -73.9199778
10452,40.8367437, -73.925447
10452,40.8421586, -73.9269632
10452,40.8430704, -73.9150173
10452,40.8403976, -73.9235077
10452,40.8455444, -73.9198231
10452,40.8430485, -73.9203798
10452,40.8396448, -73.9196221
10452,40.8382778, -73.9181232
10452,40.8376586, -73.9160957
10452,40.8405251, -73.9150885
10452,40.8444792, -73.9132689
10453,40.8521987, -73.9217824
10453,40.8474128, -73.9236562
10453,40.8513754, -73.9194914
10453,40.849466, -73.9182452
10453,40.8480444, -73.9167104
10453,40.8481818, -73.9133082
10453,40.8468041, -73.9110601
10453,40.8495612, -73.9087543
10453,40.8521471, -73.9045719
10453,40.8562675, -73.9019054
10453,40.8531471, -73.9061863
10453,40.8524282, -73.9115345
10453,40.8528793, -73.9154618
10453,40.8551094, -73.9135653
10453,40.8555518, -73.9184217
10453,40.8574403, -73.9131485
10453,40.8565412, -73.9077336
10454,40.8067879, -73.9280462
10454,40.803683, -73.9159297
10454,40.7999843, -73.908694
10454,40.7963439, -73.898377
10454,40.8090823, -73.9258441
10454,40.8070025, -73.9208749
10454,40.8050791, -73.9163464
10454,40.8064496, -73.913773
10454,40.8082418, -73.9119436
10454,40.8097217, -73.9214264
10454,40.8113856, -73.9194099
10454,40.7888821, -73.9219304
10455,40.8098988, -73.9056901
10455,40.8109651, -73.9086696
10455,40.8136213, -73.9170376
10455,40.8195023, -73.9181767
10455,40.8182214, -73.9128301
10455,40.8146752, -73.909389
10455,40.815792, -73.9048713
10455,40.8136778, -73.90184
10455,40.8162762, -73.8990831
10456,40.811457, -73.9121722
10456,40.8187768, -73.9086237
10456,40.8197339, -73.904423
10456,40.8228225, -73.9034849
10456,40.8271333, -73.9020965
10456,40.8315139, -73.9070259
10456,40.8342314, -73.905331
10456,40.836535, -73.9043914
10456,40.832603, -73.9014881
10456,40.8404231, -73.9075041
10456,40.8308225, -73.9136512
10456,40.8331958, -73.9111774
10456,40.8361776, -73.9095498
10456,40.834835, -73.9151867
10456,40.8370142, -73.9134989
10456,40.8316074, -73.9161112
10456,40.832265, -73.9181384
10456,40.8279119, -73.9187521
10456,40.8271796, -73.9093252
10456,40.8263118, -73.9059778
10457,40.8385645, -73.8949709
10457,40.8431089, -73.9002773
10457,40.8404808, -73.9021708
10457,40.8377899, -73.9027247
10457,40.8401399, -73.910972
10457,40.8440365, -73.9105204
10457,40.8460928, -73.9072191
10457,40.8437952, -73.9071529
10457,40.8462192, -73.9024562
10457,40.8481852, -73.9047291
10457,40.8512926, -73.9034696
10457,40.8443568, -73.8918829
10457,40.8425596, -73.8929199
10457,40.8472204, -73.8873781
10457,40.8486733, -73.8901415
10457,40.8503062, -73.892669
10457,40.8515742, -73.8987776
10457,40.8520113, -73.9011562
10457,40.8572074, -73.898521
10457,40.8481986, -73.8966814
10458,40.860046, -73.8742257
10458,40.8568375, -73.8961642
10458,40.8581327, -73.8937316
10458,40.856176, -73.8925082
10458,40.8579914, -73.8892514
10458,40.8564, -73.8849976
10458,40.8531197, -73.8871234
10458,40.8618442, -73.885433
10458,40.8635111, -73.8936406
10458,40.8604238, -73.8947649
10458,40.8678463, -73.8921974
10458,40.8671293, -73.8909324
10458,40.865878, -73.8889613
10458,40.8691444, -73.8869972
10458,40.8740946, -73.8851972
10458,40.8701051, -73.8835491
10459,40.819672, -73.8972847
10459,40.8185668, -73.8939061
10459,40.8232738, -73.889572
10459,40.8282758, -73.8888941
10459,40.8260035, -73.8879696
10459,40.830115, -73.8860075
10459,40.828636, -73.8935227
10459,40.8256346, -73.8923283
10459,40.8226294, -73.8987339
10459,40.8259541, -73.8978983
10459,40.8334809, -73.8941429
10459,40.8223738, -73.8935545
10460,40.8376356, -73.877771
10460,40.8310843, -73.8984813
10460,40.8355262, -73.8899864
10460,40.8329991, -73.88545
10460,40.8368465, -73.8850152
10460,40.8375386, -73.864822
10460,40.8374667, -73.869395
10460,40.8433426, -73.872429
10460,40.8416234, -73.8688759
10460,40.8402093, -73.8833847
10460,40.8422604, -73.8795761
10460,40.8445438, -73.8827576
10460,40.8454083, -73.8857769
10460,40.8423877, -73.8878255
10460,40.840764, -73.8893107
10460,40.8524976, -73.8831437
10461,40.8374159, -73.8292813
10461,40.8428349, -73.8455162
10461,40.8384911, -73.8475791
10461,40.8408659, -73.8508567
10461,40.8553409, -73.8584097
10461,40.8517064, -73.8557006
10461,40.8484985, -73.8524773
10461,40.8443911, -73.850219
10461,40.8417813, -73.8320889
10461,40.8474521, -73.8341053
10461,40.845973, -73.8306203
10461,40.8494364, -73.8386905
10461,40.8491849, -73.8477752
10461,40.8542921, -73.8514721
10461,40.8553721, -73.8450221
10461,40.852194, -73.8312298
10462,40.8323395, -73.8521545
10462,40.8347812, -73.8437163
10462,40.8366476, -73.8505404
10462,40.8408055, -73.8582793
10462,40.8384785, -73.8565158
10462,40.8361273, -73.8589637
10462,40.8371926, -73.8622718
10462,40.8356878, -73.855205
10462,40.8550184, -73.8685096
10462,40.8564761, -73.8654307
10462,40.8527445, -73.8663009
10462,40.8534896, -73.8635363
10462,40.8492873, -73.8660154
10462,40.8469746, -73.8633164
10462,40.8450908, -73.8672583
10462,40.8437081, -73.8610936
10462,40.8462265, -73.8575198
10462,40.8516098, -73.8611557
10462,40.8471319, -73.8549662
10463,40.865714, -73.9096244
10463,40.8738983, -73.9032289
10463,40.8783975, -73.9014677
10463,40.8825586, -73.8972881
10463,40.8837896, -73.8906453
10463,40.8806361, -73.9025714
10463,40.8827147, -73.9046564
10463,40.87956, -73.9073271
10463,40.8829227, -73.9216655
10463,40.8792795, -73.9158619
10463,40.884935, -73.9085679
10463,40.884931, -73.9118383
10463,40.8832399, -73.9179338
10463,40.89064, -73.9070543
10463,40.8758478, -73.910373
10464,40.8695935, -73.7958478
10464,40.8438771, -73.7863576
10464,40.8537307, -73.7702672
10465,40.8134201, -73.8320557
10465,40.8097065, -73.8001663
10465,40.8193055, -73.8147485
10465,40.8151962, -73.8170505
10465,40.8197569, -73.8064593
10465,40.821257, -73.8233396
10465,40.8263809, -73.8249096
10465,40.8248672, -73.8186182
10465,40.8276681, -73.8148621
10465,40.8288502, -73.8217592
10465,40.8322025, -73.824847
10465,40.829528, -73.830183
10465,40.8335215, -73.83607
10465,40.8404445, -73.8226303
10465,40.8448588, -73.8173422
10465,40.853407, -73.8194345
10466,40.8864792, -73.8633993
10466,40.8861691, -73.8513487
10466,40.8879511, -73.8570053
10466,40.8897429, -73.8617074
10466,40.8971155, -73.8584636
10466,40.8930261, -73.8598556
10466,40.8910971, -73.8552753
10466,40.8892825, -73.8495388
10466,40.8908411, -73.8419292
10466,40.8945094, -73.845703
10466,40.8934599, -73.8506574
10466,40.8982106, -73.8523394
10466,40.8972802, -73.8497602
10466,40.8995005, -73.8437344
10466,40.8954712, -73.8413102
10466,40.8858611, -73.8452028
10466,40.8824438, -73.8426481
10466,40.886082, -73.8331562
10466,40.8868904, -73.8385095
10467,40.8617363, -73.8631301
10467,40.8616561, -73.8660255
10467,40.8594756, -73.8692323
10467,40.8633818, -73.8689413
10467,40.8675676, -73.868886
10467,40.870582, -73.8688837
10467,40.8675707, -73.8658465
10467,40.8705487, -73.865744
10467,40.8684405, -73.862923
10467,40.8738025, -73.8632803
10467,40.8745379, -73.8666711
10467,40.8745386, -73.869205
10467,40.8797827, -73.8666133
10467,40.878088, -73.8624172
10467,40.8812352, -73.86076
10467,40.8832885, -73.8647381
10467,40.8844238, -73.8589556
10467,40.8768559, -73.8816837
10467,40.8814613, -73.882734
10467,40.8770682, -73.877321
10467,40.8710473, -73.8790905
10467,40.8749499, -73.8742925
10467,40.8771176, -73.873909
10467,40.8837271, -73.8789899
10467,40.8794215, -73.8723023
10467,40.8866383, -73.866484
10468,40.8606441, -73.8973195
10468,40.8600426, -73.8995706
10468,40.8589133, -73.9028682
10468,40.8610069, -73.9045549
10468,40.8605351, -73.9089405
10468,40.8603146, -73.9140948
10468,40.866667, -73.9058953
10468,40.8647665, -73.9044669
10468,40.8662234, -73.9002412
10468,40.8693531, -73.901228
10468,40.8722664, -73.900119
10468,40.8646118, -73.8976516
10468,40.8696839, -73.8934711
10468,40.8676699, -73.8951873
10468,40.8715793, -73.8902605
10468,40.876857, -73.89442
10468,40.8755828, -73.8871372
10469,40.8612451, -73.836015
10469,40.8620616, -73.8424492
10469,40.8615367, -73.8455326
10469,40.8619716, -73.8487247
10469,40.8619545, -73.8515677
10469,40.8613366, -73.8597114
10469,40.8621894, -73.8554843
10469,40.8684165, -73.8600255
10469,40.8683644, -73.8571317
10469,40.8694471, -73.8530706
10469,40.8685221, -73.8482552
10469,40.8669582, -73.8359997
10469,40.8739819, -73.8425963
10469,40.8668405, -73.8431182
10469,40.8736167, -73.8492139
10469,40.8753072, -73.855942
10469,40.8730921, -73.8590214
10469,40.877312, -73.8547394
10469,40.8796354, -73.8484001
10469,40.8795982, -73.8553665
10469,40.882697, -73.8534698
10469,40.8750208, -73.8369671
10470,40.903566, -73.8540708
10470,40.8895274, -73.8725845
10470,40.903871, -73.846206
10470,40.8974999, -73.8733943
10470,40.8988257, -73.8689887
10470,40.8974545, -73.8643137
10470,40.9003682, -73.8641477
10471,40.8864295, -73.9025669
10471,40.8931511, -73.9105743
10471,40.9017787, -73.9140106
10471,40.9138727, -73.9111066
10471,40.9053418, -73.9075805
10471,40.9063138, -73.9025167
10471,40.9096659, -73.8981711
10471,40.9040602, -73.89869
10471,40.8950697, -73.8999975
10472,40.8160168, -73.870956
10472,40.8282719, -73.8583355
10472,40.8265155, -73.8664136
10472,40.8270172, -73.8743044
10472,40.824997, -73.8778533
10472,40.8273629, -73.8784351
10472,40.8256291, -73.8824329
10472,40.8298985, -73.8797154
10472,40.8326118, -73.8790757
10472,40.8332883, -73.8755187
10472,40.8330126, -73.8721958
10472,40.8289669, -73.870482
10472,40.8298152, -73.8656233
10472,40.8310478, -73.8606925
10472,40.833375, -73.8676557
10472,40.8291304, -73.8526457
10473,40.8082452, -73.8567226
10473,40.8087867, -73.8514252
10473,40.8188478, -73.8580764
10473,40.8173941, -73.8678806
10473,40.817637, -73.8644248
10473,40.8225183, -73.8782336
10473,40.8202946, -73.8633435
10473,40.8239305, -73.8620068
10473,40.8224189, -73.8691775
10473,40.8194734, -73.8528608
10473,40.8156088, -73.8477354
10473,40.8198788, -73.8498059
10473,40.8181315, -73.8462433
10473,40.8254505, -73.8495052
10474,40.8143501, -73.8891123
10474,40.8036274, -73.8831056
10474,40.8200657, -73.8865202
10474,40.8143907, -73.8835978
10474,40.8072371, -73.8749566
10475,40.8619206, -73.8244988
10475,40.864709, -73.8203669
10475,40.8875466, -73.8207511
10475,40.8790177, -73.8246576
10475,40.8729846, -73.8261202
10475,40.8689202, -73.8290765
10475,40.8754486, -73.8278456
10475,40.8773207, -73.8316493
10475,40.8833754, -73.831994
10705,40.8930629, -73.8884406
11001,40.7338281, -73.7076609
11004,40.7566433, -73.7142398
11004,40.7518801, -73.7196014
11004,40.7504354, -73.710439
11004,40.7405076, -73.7297159
11004,40.7447191, -73.7046105
11004,40.7415838, -73.7119991
11101,40.7407147, -73.9569839
11101,40.7466155, -73.9570094
11101,40.7408211, -73.9447111
11101,40.742853, -73.9528369
11101,40.7464165, -73.9502809
11101,40.7446861, -73.9451364
11101,40.7481798, -73.9401026
11101,40.7506036, -73.9468225
11101,40.7549606, -73.9451645
11101,40.7531761, -73.9339044
11101,40.7514197, -73.9389266
11101,40.7559512, -73.9375672
11101,40.7569544, -73.9256721
11101,40.7400819, -73.927999
11101,40.7386472, -73.9336027
11101,40.7369225, -73.9387128
11102,40.7715037, -73.9221645
11102,40.7690847, -73.9230484
11102,40.766995, -73.9253701
11102,40.7691001, -73.9299451
11102,40.7700755, -73.9335826
11102,40.7726203, -73.9286959
11102,40.7744252, -73.9351452
11102,40.775858, -73.9296772
11102,40.7744651, -73.9207974
11102,40.7785586, -73.9230863
11102,40.7709267, -73.9156695
11103,40.7644845, -73.920024
11103,40.7680444, -73.9176747
11103,40.7667951, -73.9151194
11103,40.7669906, -73.90669
11103,40.7662996, -73.9115113
11103,40.7642808, -73.9075078
11103,40.7629976, -73.9107521
11103,40.7618538, -73.9144442
11103,40.7601669, -73.9108442
11103,40.7580816, -73.9136474
11103,40.7600351, -73.9175962
11103,40.7557869, -73.9183424
11103,40.7550818, -73.9145861
11104,40.7486945, -73.9282599
11104,40.751921, -73.9197527
11104,40.7447208, -73.9259769
11104,40.7446812, -73.9313755
11104,40.7445099, -73.9241233
11104,40.7442918, -73.9222696
11104,40.7366248, -73.9246582
11104,40.7445685, -73.9165163
11105,40.7764819, -73.9186027
11105,40.7784032, -73.9162557
11105,40.78106, -73.9150773
11105,40.7827906, -73.9129484
11105,40.785288, -73.9056759
11105,40.7787953, -73.9073131
11105,40.7762579, -73.9084659
11105,40.7744206, -73.9133464
11105,40.7722297, -73.9104558
11105,40.7712054, -73.9060641
11105,40.7727587, -73.9035141
11105,40.7757875, -73.8990845
11105,40.7706488, -73.898977
11105,40.7689714, -73.9049147
11106,40.7624148, -73.9434494
11106,40.7627994, -73.9409316
11106,40.7609451, -73.9375143
11106,40.7645328, -73.9337656
11106,40.7602879, -73.9331578
11106,40.7556398, -73.9321381
11106,40.7603485, -73.9292728
11106,40.7537948, -73.9277888
11106,40.7597006, -73.9239256
11106,40.7620307, -73.922041
11106,40.7645436, -73.9273299
11106,40.7667329, -73.9317327
11106,40.7600215, -73.9407223
11106,40.7550147, -73.9219258
11109,40.7512718, -73.9528627
11201,40.700215, -73.9938089
11201,40.6963723, -73.9973735
11201,40.6958143, -73.9947007
11201,40.6951344, -73.9928614
11201,40.6923505, -73.9973434
11201,40.6917206, -73.9916018
11201,40.6932903, -73.9877087
11201,40.697615, -73.9883586
11201,40.6959062, -73.9824665
11201,40.6923209, -73.9835851
11201,40.7034471, -73.9871024
11201,40.6916869, -73.979685
11201,40.6893925, -73.9847008
11201,40.6882029, -73.9895993
11201,40.688146, -73.995287
11201,40.6879989, -73.9984362
11201,40.6861936, -73.9911578
11201,40.6845526, -73.9920877
11201,40.7056637, -73.9814548
11201,40.6995508, -73.998769
11201,40.6952363, -74.0018345
11203,40.6761508, -73.9330036
11203,40.6573033, -73.9394864
11203,40.659113, -73.9445489
11203,40.6536407, -73.940238
11203,40.640887, -73.9455028
11203,40.641524, -73.9416243
11203,40.6415499, -73.9384751
11203,40.6371028, -73.9351273
11203,40.6417561, -73.935135
11203,40.6419943, -73.931292
11203,40.642285, -73.9274549
11203,40.646427, -73.9278611
11203,40.6457434, -73.932316
11203,40.6469734, -73.9382546
11203,40.6443465, -73.943876
11203,40.6486243, -73.9448274
11203,40.6501596, -73.9389962
11203,40.6499865, -73.9329328
11203,40.6502164, -73.9282257
11203,40.654339, -73.9238466
11203,40.656375, -73.9267616
11203,40.6543124, -73.9297309
11203,40.6541803, -73.9334039
11203,40.6536754, -73.9366498
11203,40.6604744, -73.9384588
11203,40.6606478, -73.9357059
11203,40.6588465, -73.9310338
11203,40.6619842, -73.932935
11203,40.6611447, -73.9294816
11203,40.6375676, -73.9295091
11203,40.6487962, -73.9215837
11203,40.6504469, -73.9245581
11203,40.6446169, -73.9232797
11204,40.6217475, -73.9862364
11204,40.6181698, -73.9811393
11204,40.6213629, -73.9899931
11204,40.6198289, -73.9921391
11204,40.6166972, -73.9838448
11204,40.614995, -73.9856662
11204,40.6132884, -73.9874098
11204,40.6169171, -73.9923457
11204,40.6187285, -73.9970786
11204,40.6148678, -73.9974816
11204,40.6126303, -73.9903254
11204,40.6104494, -73.9903619
11204,40.6092493, -73.9842021
11204,40.6106815, -73.9806847
11204,40.6100424, -73.9769277
11204,40.61313, -73.9778573
11204,40.6152315, -73.9760563
11204,40.6246552, -73.978399
11204,40.6214965, -73.9806533
11204,40.625589, -73.9867507
11204,40.6270361, -73.9841274
11204,40.6286836, -73.9823658
11204,40.6305694, -73.9805808
11204,40.6333983, -73.9788744
11205,40.6949933, -73.9780959
11205,40.6877689, -73.9723701
11205,40.691376, -73.9714779
11205,40.6947866, -73.9741567
11205,40.6946579, -73.9706403
11205,40.6952427, -73.9644277
11205,40.6912794, -73.9626407
11205,40.6914102, -73.9674997
11205,40.6970856, -73.9719259
11205,40.6922221, -73.9538035
11205,40.6967384, -73.9567404
11206,40.6926218, -73.9503365
11206,40.6973919, -73.9512862
11206,40.6982179, -73.9473443
11206,40.6949673, -73.9462243
11206,40.6969655, -73.9451536
11206,40.6923989, -73.9457142
11206,40.6952563, -73.9404379
11206,40.6994266, -73.9420913
11206,40.6974508, -73.940885
11206,40.6956353, -73.9354275
11206,40.6994385, -73.9372349
11206,40.699795, -73.933655
11206,40.7014484, -73.9309587
11206,40.7078399, -73.9363455
11206,40.7029206, -73.9392589
11206,40.7035729, -73.9440999
11206,40.706879, -73.9411085
11206,40.708052, -73.9449451
11206,40.7014096, -73.9470079
11206,40.7032772, -73.9505646
11206,40.7075596, -73.9485791
11206,40.7012477, -73.9550826
11206,40.7002355, -73.9533018
11207,40.6815084, -73.9572531
11207,40.686459, -73.9127405
11207,40.6845226, -73.9082094
11207,40.681589, -73.9051763
11207,40.6842987, -73.9012071
11207,40.6878787, -73.9071509
11207,40.6898146, -73.91062
11207,40.6615039, -73.9164852
11207,40.6469841, -73.8997658
11207,40.6574021, -73.8887862
11207,40.6573142, -73.8842981
11207,40.6605666, -73.8813618
11207,40.6637279, -73.8859223
11207,40.6660037, -73.8871536
11207,40.6648986, -73.8931118
11207,40.6617411, -73.8921088
11207,40.6621721, -73.8964707
11207,40.6612884, -73.8988885
11207,40.6677793, -73.8996082
11207,40.679002, -73.9010285
11207,40.6824799, -73.8912207
11207,40.6728096, -73.8985527
11207,40.6792066, -73.8923418
11207,40.6739223, -73.8865224
11207,40.6732693, -73.8909301
11207,40.6683267, -73.8958947
11207,40.6688809, -73.8921624
11207,40.6694195, -73.8885305
11207,40.6699381, -73.8850349
11207,40.6776, -73.886181
11207,40.6808117, -73.8875148
11207,40.6763145, -73.8943861
11208,40.6588417, -73.8759589
11208,40.6638632, -73.8756883
11208,40.6687567, -73.876018
11208,40.6666275, -73.8805197
11208,40.6705099, -73.8811822
11208,40.6745628, -73.8822051
11208,40.6789908, -73.882516
11208,40.6827365, -73.8837649
11208,40.6828584, -73.8797862
11208,40.6847798, -73.8768792
11208,40.686235, -73.8744475
11208,40.6816514, -73.8742881
11208,40.6894826, -73.8777419
11208,40.6879085, -73.8718976
11208,40.6886646, -73.869002
11208,40.6843041, -73.86941
11208,40.6814659, -73.867781
11208,40.6790411, -73.8659138
11208,40.6790596, -73.8716311
11208,40.6771101, -73.8781574
11208,40.6725527, -73.8770602
11208,40.6758956, -73.8731634
11208,40.6748774, -73.8672723
11208,40.6763414, -73.864364
11208,40.6709738, -73.8684517
11208,40.6715379, -73.8647469
11208,40.6716653, -73.8612583
11208,40.6700908, -73.8722448
11208,40.6674943, -73.8651792
11208,40.6637638, -73.8628672
11209,40.6404176, -74.0334392
11209,40.6346861, -74.0308979
11209,40.6344225, -74.0357544
11209,40.6310418, -74.03732
11209,40.6269928, -74.0363209
11209,40.6242299, -74.0407575
11209,40.6216089, -74.0382101
11209,40.6199915, -74.0399196
11209,40.6167865, -74.0394733
11209,40.6150045, -74.0376412
11209,40.6127383, -74.0357394
11209,40.6190887, -74.0321884
11209,40.6220831, -74.0316042
11209,40.624911, -74.0304459
11209,40.6289253, -74.0288094
11209,40.6321309, -74.0274985
11209,40.6351749, -74.0262304
11209,40.6325873, -74.0213843
11209,40.6295241, -74.0202705
11209,40.6268984, -74.0225939
11209,40.6243111, -74.0255174
11209,40.6225046, -74.0224901
11209,40.6189797, -74.0268721
11209,40.6132236, -74.0313837
11209,40.6067615, -74.0301151
11210,40.6131411, -73.9531238
11210,40.6278153, -73.9374778
11210,40.6240356, -73.9357989
11210,40.6224095, -73.9390773
11210,40.6273942, -73.9412567
11210,40.6269944, -73.9449753
11210,40.6223292, -73.9431173
11210,40.6186094, -73.942635
11210,40.6218931, -73.9468957
11210,40.6265678, -73.948766
11210,40.6261531, -73.9525462
11210,40.6214738, -73.9507115
11210,40.6168562, -73.9479894
11210,40.6164751, -73.9519619
11210,40.6213569, -73.9547885
11210,40.6257185, -73.9564859
11210,40.6331871, -73.956842
11210,40.6361361, -73.9538295
11210,40.6316094, -73.953177
11210,40.63168, -73.947607
11210,40.6309255, -73.9411361
11210,40.6344979, -73.9391486
11210,40.6378537, -73.9414429
11210,40.6342624, -73.9429558
11210,40.6341973, -73.9479551
11210,40.6346388, -73.9461359
11210,40.6374228, -73.9503076
11210,40.6375276, -73.9466941
11211,40.7171351, -73.9303436
11211,40.7182181, -73.9421366
11211,40.7138604, -73.9384989
11211,40.710001, -73.9419334
11211,40.7123628, -73.9433572
11211,40.7162166, -73.944594
11211,40.715735, -73.9489203
11211,40.7122018, -73.9474623
11211,40.7117914, -73.9521631
11211,40.7191277, -73.9505297
11211,40.7206502, -73.9545002
11211,40.7157159, -73.9551571
11211,40.7116633, -73.958807
11211,40.7088833, -73.9599784
11211,40.7084001, -73.9536948
11211,40.7058715, -73.9545059
11211,40.7037667, -73.95736
11211,40.7061438, -73.9612198
11211,40.7026477, -73.9625584
11211,40.7164576, -73.9592358
11211,40.7235304, -73.9429338
11212,40.6604945, -73.9259817
11212,40.6622281, -73.9245506
11212,40.657488, -73.9206765
11212,40.6539409, -73.9180852
11212,40.6569877, -73.9154892
11212,40.6632821, -73.9219229
11212,40.6580074, -73.9124095
11212,40.6627861, -73.9137077
11212,40.666247, -73.9198123
11212,40.6675531, -73.9150074
11212,40.6701302, -73.9088595
11212,40.6713226, -73.9047719
11212,40.6657515, -73.9034065
11212,40.665129, -73.9076346
11212,40.6591038, -73.9091012
11212,40.6616527, -73.9045855
11212,40.6585644, -73.9029876
11212,40.6552406, -73.9063497
11212,40.6669331, -73.9114794
11213,40.6787956, -73.9369686
11213,40.6764778, -73.9389551
11213,40.6641581, -73.9420073
11213,40.6658373, -73.9425262
11213,40.6675941, -73.9423885
11213,40.6698766, -73.9421669
11213,40.6689279, -73.9421957
11213,40.6712119, -73.9420151
11213,40.6735662, -73.9445868
11213,40.6735031, -73.9388376
11213,40.6732278, -73.9336926
11213,40.6726583, -73.9279722
11213,40.67006, -73.9296091
11213,40.6669397, -73.9299051
11213,40.6702121, -73.932378
11213,40.6670911, -73.9326744
11213,40.6703627, -73.9351464
11213,40.6672418, -73.9354395
11213,40.664405, -73.9334722
11213,40.6699092, -73.9268403
11213,40.6668626, -73.9268464
11214,40.6035123, -74.012107
11214,40.6019273, -74.0088041
11214,40.6069686, -74.0047234
11214,40.6083001, -74.0071511
11214,40.6124597, -74.0026813
11214,40.6058611, -73.989985
11214,40.6081765, -73.9927384
11214,40.6109494, -73.995292
11214,40.6108964, -73.999489
11214,40.6068585, -74.0012211
11214,40.6011057, -74.0073298
11214,40.60025, -74.0054401
11214,40.6056742, -73.9989428
11214,40.5987718, -74.0019271
11214,40.6045113, -73.9965623
11214,40.6031741, -73.9943478
11214,40.5972459, -74.0007128
11214,40.5942315, -74.0005814
11214,40.6009574, -73.9930188
11214,40.6008233, -73.9879075
11214,40.5974031, -73.9887444
11214,40.5957121, -73.990647
11214,40.5911556, -73.9861335
11215,40.6685626, -73.9933107
11215,40.677193, -73.9878271
11215,40.6730061, -73.9946109
11215,40.671479, -73.991049
11215,40.6751824, -73.9813092
11215,40.672811, -73.9833133
11215,40.6703973, -73.9853274
11215,40.6679862, -73.9873365
11215,40.6661833, -73.9888407
11215,40.6648134, -73.9898324
11215,40.6636266, -73.9926558
11215,40.6598558, -73.989672
11215,40.6638862, -73.9840883
11215,40.6618001, -73.9856502
11215,40.665689, -73.9825855
11215,40.6681002, -73.9805759
11215,40.6705136, -73.9785613
11215,40.6730524, -73.9764165
11215,40.6699761, -73.9740401
11215,40.6642969, -73.9787754
11215,40.6592927, -73.9812838
11215,40.6569638, -73.9768619
11216,40.6719738, -73.9552592
11216,40.676167, -73.9543559
11216,40.6874555, -73.952856
11216,40.682881, -73.9519012
11216,40.6794431, -73.9492698
11216,40.6829833, -73.9483904
11216,40.6878546, -73.9493878
11216,40.6812827, -73.9433173
11216,40.6765714, -73.9443029
11216,40.6769132, -73.9499243
11216,40.6738669, -73.9501241
11216,40.671193, -73.9503749
11217,40.6885112, -73.9781063
11217,40.6853252, -73.9761803
11217,40.6849013, -73.980824
11217,40.6865996, -73.9850538
11217,40.683021, -73.9861157
11217,40.6817476, -73.9828507
11217,40.6816216, -73.9786547
11217,40.6809277, -73.9760597
11217,40.6777175, -73.9796019
11217,40.6751934, -73.9730667
11217,40.6798885, -73.9731895
11218,40.6591256, -73.9697734
11218,40.641984, -73.9863474
11218,40.6391243, -73.9815297
11218,40.637816, -73.9842809
11218,40.6342861, -73.9736271
11218,40.6389191, -73.9784252
11218,40.6404769, -73.9762086
11218,40.6408996, -73.9702106
11218,40.642966, -73.9738254
11218,40.643687, -73.9804383
11218,40.6454295, -73.9826813
11218,40.6490033, -73.9778206
11218,40.6465962, -73.9764973
11218,40.6535104, -73.9752845
11218,40.6499201, -73.9737386
11218,40.6466552, -73.9731444
11218,40.6364701, -73.9666776
11218,40.6546407, -73.9812779
11218,40.6439736, -73.9671841
11219,40.6445789, -73.9927738
11219,40.6422528, -73.9956749
11219,40.6394233, -73.9992118
11219,40.6358731, -74.0036488
11219,40.6284585, -73.9989281
11219,40.6258369, -74.0011077
11219,40.627626, -74.0081561
11219,40.6294745, -74.0058501
11219,40.6316104, -74.0031816
11219,40.6327947, -73.9997692
11219,40.6343541, -73.9978229
11219,40.6361633, -73.9955594
11219,40.6382394, -73.9929635
11219,40.6405156, -73.9903118
11219,40.6360999, -73.9862206
11219,40.6338712, -73.9879406
11219,40.6321905, -73.9896876
11219,40.6305112, -73.9914376
11219,40.6288316, -73.9931862
11219,40.6258678, -73.9928098
11219,40.6236257, -73.9958382
11220,40.643698, -74.026736
11220,40.6480407, -74.0159276
11220,40.6434585, -74.0216933
11220,40.6388788, -74.0289766
11220,40.6381971, -74.0242975
11220,40.6402978, -74.0204135
11220,40.6418552, -74.0170288
11220,40.6440836, -74.0146698
11220,40.6463204, -74.012337
11220,40.6485749, -74.0100168
11220,40.6440222, -74.0024807
11220,40.6426913, -74.000278
11220,40.6460153, -74.0057847
11220,40.6437764, -74.0081153
11220,40.6415355, -74.0104457
11220,40.6392844, -74.0127872
11220,40.6372888, -74.0094827
11220,40.6359594, -74.0072805
11220,40.6395396, -74.0071422
11220,40.6382102, -74.0049387
11220,40.6417811, -74.0048117
11220,40.6404508, -74.0026095
11220,40.6351044, -74.0114899
11220,40.6327817, -74.0117295
11220,40.638166, -74.0175772
11220,40.634819, -74.0190415
11220,40.6308009, -74.0133027
11221,40.6894684, -73.9451314
11221,40.6869045, -73.9446206
11221,40.6839731, -73.9440382
11221,40.6838975, -73.9381789
11221,40.6868289, -73.9387604
11221,40.6897594, -73.9393446
11221,40.6926888, -73.9399286
11221,40.6930514, -73.9330041
11221,40.6904272, -73.933541
11221,40.6874968, -73.9329582
11221,40.6876199, -73.9215167
11221,40.6874554, -73.9267891
11221,40.6905393, -73.9277496
11221,40.695628, -73.9300045
11221,40.6929683, -73.9247375
11221,40.6889485, -73.91914
11221,40.6902355, -73.9175528
11221,40.6919502, -73.9143896
11221,40.6953233, -73.9210331
11221,40.6970292, -73.9240384
11221,40.699002, -73.9272884
11222,40.7197735, -73.9379665
11222,40.7209087, -73.9468832
11222,40.7262636, -73.9568789
11222,40.7340584, -73.9572128
11222,40.7366538, -73.9587876
11222,40.730219, -73.957763
11222,40.7237664, -73.9523673
11222,40.7247837, -73.9476188
11222,40.7280487, -73.94883
11222,40.7321052, -73.9532306
11222,40.7351703, -73.9511757
11222,40.732829, -73.9472828
11222,40.7283712, -73.9435539
11222,40.7300381, -73.940543
11222,40.7259963, -73.9383333
11222,40.7329298, -73.9631748
11223,40.5865515, -73.9795108
11223,40.5808793, -73.9697027
11223,40.5879978, -73.967755
11223,40.586788, -73.9720026
11223,40.591525, -73.9814805
11223,40.5923495, -73.9751085
11223,40.5929248, -73.9692516
11223,40.5929692, -73.9644265
11223,40.5958499, -73.9630396
11223,40.598493, -73.9650691
11223,40.5973496, -73.9697067
11223,40.5954468, -73.9755124
11223,40.5978088, -73.9761352
11223,40.5960009, -73.9827234
11223,40.6021856, -73.9854194
11223,40.6005116, -73.9823218
11223,40.6012012, -73.9791341
11223,40.6009797, -73.9754514
11223,40.6041574, -73.9741916
11223,40.6017065, -73.9710654
11223,40.6024233, -73.9679363
11223,40.6024112, -73.9634864
11223,40.6054, -73.9648516
11223,40.6092377, -73.9643322
11223,40.6068705, -73.9699923
11223,40.6067484, -73.9760483
11223,40.605675, -73.9801891
11224,40.5902839, -73.9965003
11224,40.5871933, -73.996335
11224,40.5843103, -73.9940978
11224,40.5765295, -73.9882115
11224,40.5763672, -73.9976846
11224,40.5801785, -73.9994354
11224,40.5759997, -74.0084907
11224,40.5723223, -73.9964764
11224,40.5741077, -73.9968627
11224,40.581212, -73.9833628
11224,40.5775623, -73.9789488
11224,40.573212, -73.9807254
11224,40.580133, -73.9726148
11224,40.5778298, -73.9702043
11224,40.6381109, -73.9730323
11225,40.6683548, -73.9604674
11225,40.692513, -73.9577849
11225,40.6668852, -73.9493978
11225,40.6668692, -73.9521834
11225,40.6665474, -73.9550744
11225,40.6672983, -73.9577655
11225,40.6626465, -73.9587961
11225,40.6632636, -73.9484196
11225,40.6565964, -73.9582723
11225,40.6600109, -73.9587186
11225,40.6579906, -73.9613711
11225,40.660686, -73.9537667
11225,40.6576399, -73.9534407
11225,40.6589744, -73.9489902
11225,40.661659, -73.9438615
11226,40.6512352, -73.9607363
11226,40.6539087, -73.9606235
11226,40.652835, -73.963573
11226,40.6461218, -73.9597677
11226,40.6487514, -73.9603672
11226,40.6465522, -73.9633627
11226,40.6427917, -73.9614284
11226,40.6386226, -73.9567106
11226,40.641613, -73.9581408
11226,40.6379909, -73.9607951
11226,40.6374454, -73.9641874
11226,40.641499, -73.9554599
11226,40.6407206, -73.9528265
11226,40.6446151, -73.956409
11226,40.6449143, -73.9534011
11226,40.6486053, -73.955286
11226,40.6527603, -73.9576551
11226,40.6535296, -73.9442053
11226,40.6530923, -73.9479752
11226,40.653453, -73.9513097
11226,40.6532888, -73.9544282
11226,40.6488474, -73.9493577
11226,40.6450647, -73.9489732
11226,40.640991, -73.9496047
11228,40.6279744, -74.0156708
11228,40.6207782, -74.0196779
11228,40.6167077, -74.012961
11228,40.6153783, -74.0107586
11228,40.6145072, -74.0244665
11228,40.6111789, -74.0189191
11228,40.6187031, -74.0162624
11228,40.6101331, -74.012634
11228,40.6088822, -74.0103463
11228,40.6137054, -74.0071446
11228,40.6156439, -74.0051063
11228,40.6174779, -74.00274
11228,40.621038, -74.0003857
11228,40.6234234, -74.004185
11228,40.6193594, -74.0066177
11228,40.620689, -74.0088197
11228,40.62202, -74.0110215
11228,40.6233502, -74.0132239
11228,40.6248807, -74.0154509
11228,40.6259761, -74.0097676
11229,40.6092526, -73.9483771
11229,40.6087339, -73.9523174
11229,40.6083096, -73.9562588
11229,40.6078701, -73.9600716
11229,40.6031608, -73.9594057
11229,40.6036536, -73.9553779
11229,40.6040855, -73.9514358
11229,40.6045181, -73.9475034
11229,40.6069158, -73.9433735
11229,40.6028525, -73.9414035
11229,40.6026717, -73.9378185
11229,40.5992668, -73.9368826
11229,40.5963688, -73.9382159
11229,40.6011498, -73.9443385
11229,40.5998731, -73.947571
11229,40.5994398, -73.9515127
11229,40.5990067, -73.9554539
11229,40.5985399, -73.9592618
11229,40.5940748, -73.9586719
11229,40.594564, -73.9546136
11229,40.5946146, -73.9430181
11229,40.5952707, -73.9481901
11229,40.589588, -73.9273296
11229,40.5997604, -73.9315683
11229,40.608074, -73.9403
11229,40.6121974, -73.9463939
11230,40.6103302, -73.9710945
11230,40.6130385, -73.970977
11230,40.6123965, -73.9655936
11230,40.6157674, -73.969322
11230,40.6181291, -73.9732311
11230,40.621693, -73.9728834
11230,40.6201742, -73.9681621
11230,40.6186826, -73.9650025
11230,40.626163, -73.9666205
11230,40.6257017, -73.9690061
11230,40.632163, -73.965733
11230,40.6276229, -73.9735164
11230,40.6245853, -73.974228
11230,40.6302931, -73.9744922
11230,40.6332088, -73.9695313
11230,40.6489784, -73.9668581
11230,40.6308472, -73.9626086
11230,40.6273634, -73.9637344
11230,40.6262195, -73.9602546
11230,40.6225826, -73.9628302
11230,40.6181982, -73.956835
11230,40.6128027, -73.960979
11230,40.6132196, -73.9571904
11230,40.6319262, -73.9586448
11230,40.6188042, -73.9608017
11231,40.6883662, -74.0018662
11231,40.683495, -74.0034808
11231,40.6747869, -74.0148156
11231,40.6735148, -74.0087194
11231,40.6811528, -74.0100885
11231,40.6794028, -74.0061193
11231,40.6819491, -74.0013351
11231,40.6790828, -73.9994592
11231,40.6841758, -73.9972232
11231,40.6812953, -73.9920163
11231,40.6770204, -73.9952231
11231,40.675857, -74.0064716
11232,40.6532475, -74.0110678
11232,40.6650413, -74.0002945
11232,40.6586884, -74.0097172
11232,40.6514499, -74.0191007
11232,40.6508179, -74.0076889
11232,40.6538976, -74.0044859
11232,40.6479769, -74.0037438
11232,40.6502102, -74.0014031
11232,40.6479217, -73.9983817
11232,40.6465865, -73.9962083
11232,40.6459823, -74.0004393
11232,40.6446517, -73.9982381
11232,40.6583907, -73.9998245
11232,40.6613672, -73.9949634
11232,40.6521348, -73.9902393
11233,40.6810841, -73.9374383
11233,40.684566, -73.9323759
11233,40.6812727, -73.9316176
11233,40.6781448, -73.9257979
11233,40.6776216, -73.916228
11233,40.6751161, -73.9179373
11233,40.675583, -73.9262196
11233,40.670433, -73.9238643
11233,40.6695658, -73.9199592
11233,40.6721757, -73.9169925
11233,40.6750312, -73.9115136
11233,40.6747259, -73.9075432
11233,40.6775646, -73.904613
11233,40.67965, -73.9092283
11233,40.6802873, -73.9138395
11233,40.6839488, -73.9152154
11233,40.6840882, -73.9201875
11233,40.6804989, -73.9193657
11233,40.6810478, -73.9254263
11233,40.6845246, -73.9262056
11234,40.6056457, -73.9843266
11234,40.6099355, -73.9361435
11234,40.6109971, -73.9402463
11234,40.6137965, -73.9424791
11234,40.6159147, -73.9395351
11234,40.6176898, -73.9364602
11234,40.6199785, -73.9336466
11234,40.614762, -73.9300726
11234,40.6129487, -73.9318078
11234,40.6130109, -73.9349822
11234,40.6080828, -73.9312005
11234,40.6090466, -73.92808
11234,40.6093052, -73.924372
11234,40.6127246, -73.9227642
11234,40.618747, -73.9278042
11234,40.6198305, -73.9302723
11234,40.624995, -73.9272011
11234,40.6261489, -73.922779
11234,40.6213764, -73.9251879
11234,40.6166469, -73.9241304
11234,40.6148226, -73.9172817
11234,40.6172158, -73.9191004
11234,40.6199654, -73.9206701
11234,40.6236755, -73.9200888
11234,40.6271699, -73.9153676
11234,40.622761, -73.9092489
11234,40.6112503, -73.9170851
11234,40.6200459, -73.9067408
11234,40.6089645, -73.9081434
11234,40.6159847, -73.9025453
11234,40.6288503, -73.9200467
11234,40.6319998, -73.9243888
11234,40.6341061, -73.9270557
11234,40.6324139, -73.9338762
11234,40.6294856, -73.9270042
11234,40.6262004, -73.9298509
11234,40.6279296, -73.9336064
11234,40.638743, -73.9229682
11234,40.6350816, -73.9207802
11235,40.5757896, -73.9655591
11235,40.5763621, -73.9612376
11235,40.578117, -73.9640009
11235,40.5801614, -73.9638638
11235,40.5828706, -73.9637676
11235,40.5878491, -73.963165
11235,40.5896217, -73.9585479
11235,40.5899909, -73.954687
11235,40.5923379, -73.9514508
11235,40.590829, -73.9470803
11235,40.5910968, -73.9400566
11235,40.5878962, -73.9362265
11235,40.5870743, -73.9456922
11235,40.5864642, -73.9561214
11235,40.5839493, -73.9490961
11235,40.5752803, -73.9555451
11235,40.5814312, -73.9586937
11235,40.5798742, -73.9557652
11235,40.5808755, -73.9493716
11235,40.5767201, -73.9428777
11235,40.5788518, -73.9460579
11235,40.5849933, -73.9355825
11235,40.5923334, -73.9344391
11236,40.6124441, -73.8940807
11236,40.6524793, -73.9117726
11236,40.649929, -73.9154075
11236,40.6489251, -73.9190149
11236,40.6362488, -73.9171451
11236,40.6389669, -73.9146325
11236,40.6355741, -73.9109186
11236,40.6408221, -73.9116859
11236,40.645927, -73.9147665
11236,40.6450267, -73.9105174
11236,40.6419501, -73.9072687
11236,40.6406399, -73.903142
11236,40.6441418, -73.9038769
11236,40.64726, -73.907353
11236,40.6509988, -73.8943666
11236,40.6465779, -73.8917896
11236,40.6449365, -73.8943196
11236,40.6430019, -73.8973153
11236,40.6393703, -73.898562
11236,40.6374035, -73.9012845
11236,40.6357597, -73.9043993
11236,40.6334438, -73.9077878
11236,40.6295432, -73.9094498
11236,40.6306493, -73.9038
11236,40.6322533, -73.9008897
11236,40.6341331, -73.8980664
11236,40.6360282, -73.894972
11236,40.6397265, -73.8936677
11236,40.6416626, -73.8906734
11236,40.643303, -73.8881409
11236,40.643853, -73.886645
11236,40.6383785, -73.8870181
11236,40.6364413, -73.8900106
11236,40.6329284, -73.8932756
11236,40.6296068, -73.8984805
11236,40.631175, -73.8897557
11236,40.6335239, -73.8862271
11236,40.6526617, -73.9016506
11237,40.6910811, -73.904613
11237,40.6937625, -73.9179179
11237,40.7036832, -73.9271913
11237,40.7017991, -73.9234556
11237,40.6996605, -73.919698
11237,40.697522, -73.915939
11237,40.695384, -73.9121802
11237,40.693245, -73.9084239
11237,40.6974716, -73.9093087
11237,40.7014228, -73.914052
11237,40.7033043, -73.9166863
11237,40.705036, -73.9196716
11237,40.7066908, -73.9226186
11237,40.7065844, -73.9289569
11237,40.7036294, -73.9097111
11238,40.6791843, -73.9700051
11238,40.6842401, -73.9713282
11238,40.6880022, -73.9667469
11238,40.6840329, -73.9669265
11238,40.6838477, -73.9633875
11238,40.6799568, -73.9648123
11238,40.6774755, -73.9657037
11238,40.6749547, -73.9666124
11238,40.6733751, -73.9632899
11238,40.6727657, -73.9590256
11238,40.6851316, -73.9567615
11238,40.6857866, -73.9608381
11238,40.6887957, -73.95749
11238,40.6773164, -73.9590603
11239,40.6255659, -73.8902597
11239,40.6332674, -73.8805974
11239,40.6492205, -73.8805957
11239,40.6458585, -73.8831084
11239,40.6542169, -73.8707183
11239,40.6468898, -73.864014
11239,40.6505075, -73.8776806
11249,40.7002979, -73.9599545
11249,40.7052376, -73.9652859
11249,40.7085259, -73.9665937
11249,40.7111707, -73.965736
11249,40.7139593, -73.9644095
11249,40.7180846, -73.9632608
11249,40.7219984, -73.9593366
11251,40.6995617, -73.9832799
11251,40.7014969, -73.9716023
11252,40.6029654, -74.0172662
11354,40.7612685, -73.8199413
11354,40.7626869, -73.8251718
11354,40.7652626, -73.83371
11354,40.7589475, -73.833256
11354,40.7685478, -73.8298124
11354,40.7757495, -73.8269712
11354,40.773539, -73.8387968
11354,40.7764062, -73.8484646
11354,40.7748158, -73.8203709
11354,40.7737697, -73.8070648
11354,40.7690541, -73.8079843
11354,40.7678382, -73.8117913
11354,40.767573, -73.8151695
11354,40.7686397, -73.8207551
11354,40.7668601, -73.8256989
11354,40.7626227, -73.8173536
11355,40.7533454, -73.824756
11355,40.7513617, -73.8293898
11355,40.7469887, -73.8273758
11355,40.7447985, -73.8308776
11355,40.7447536, -73.8197846
11355,40.7499613, -73.820228
11355,40.753948, -73.8340605
11355,40.7562617, -73.8308263
11355,40.757152, -73.8276531
11355,40.7596421, -73.8236352
11355,40.7570602, -73.8230578
11355,40.7549868, -73.8207972
11355,40.7568129, -73.8178758
11355,40.7621734, -73.8124434
11355,40.7596321, -73.8128802
11355,40.7565055, -73.8126136
11355,40.7534619, -73.8095776
11355,40.7532121, -73.8140593
11355,40.7487999, -73.8125809
11355,40.7512742, -73.8171091
11355,40.7456558, -73.8083171
11356,40.7824818, -73.844768
11356,40.7895942, -73.8534303
11356,40.7938731, -73.8429655
11356,40.7855766, -73.8413716
11357,40.792754, -73.8288779
11357,40.7949673, -73.823537
11357,40.7982603, -73.8158489
11357,40.7953927, -73.806862
11357,40.7919649, -73.7988773
11357,40.7797657, -73.7982495
11357,40.7838708, -73.8073649
11357,40.7791778, -73.8096597
11357,40.7840546, -73.8190352
11358,40.7642305, -73.7906266
11358,40.7690969, -73.7966895
11358,40.7682675, -73.8019551
11358,40.7632564, -73.8057125
11358,40.7614714, -73.7964295
11358,40.7594996, -73.7873594
11358,40.7594676, -73.8038068
11358,40.756665, -73.8065111
11358,40.7571846, -73.7996267
11358,40.7548673, -73.799471
11358,40.7497169, -73.8022591
11358,40.7519908, -73.7991748
11358,40.7510646, -73.7845234
11358,40.755138, -73.7846965
11358,40.7542091, -73.7919465
11359,40.7916054, -73.7767241
11360,40.7809101, -73.789904
11360,40.7829752, -73.7747051
11360,40.7817296, -73.7806843
11360,40.7874545, -73.7859776
11360,40.7724453, -73.789072
11360,40.7756127, -73.7704101
11361,40.7703466, -73.7773131
11361,40.7679453, -73.7864943
11361,40.7679197, -73.7626797
11361,40.766292, -73.7712453
11361,40.7654009, -73.7768169
11361,40.7641494, -73.7831519
11361,40.7568672, -73.7724538
11361,40.7532383, -73.7781467
11361,40.7594665, -73.7811007
11361,40.7612034, -73.7732141
11361,40.7614709, -73.7634353
11362,40.7648758, -73.8208503
11362,40.7521109, -73.7449302
11362,40.762201, -73.7397018
11362,40.7663718, -73.730825
11362,40.759314, -73.7240159
11363,40.7695769, -73.742286
11363,40.7758594, -73.7519701
11363,40.7523301, -73.7336543
11364,40.7339687, -73.7687946
11364,40.7367042, -73.7597119
11364,40.7380951, -73.7500691
11364,40.7442043, -73.760311
11364,40.7471258, -73.7500459
11364,40.7555383, -73.7573134
11364,40.7498677, -73.7624754
11364,40.7481688, -73.7696023
11364,40.7465405, -73.7749009
11364,40.7529118, -73.7702818
11364,40.7556677, -73.7638129
11365,40.7403642, -73.8059322
11365,40.7349769, -73.7994552
11365,40.7352561, -73.8069315
11365,40.7300682, -73.8073692
11365,40.7352944, -73.7911783
11365,40.7372846, -73.7848538
11365,40.7384642, -73.7782907
11365,40.7449088, -73.7821538
11365,40.7448146, -73.7917203
11366,40.7267987, -73.8024148
11366,40.7280893, -73.7962451
11366,40.7241329, -73.8079345
11366,40.7203282, -73.7977817
11366,40.7319191, -73.779273
11366,40.72864, -73.7900377
11367,40.7252734, -73.8248724
11367,40.7192184, -73.8215941
11367,40.7209651, -73.8141647
11367,40.7293975, -73.818762
11367,40.7249623, -73.8184802
11367,40.7256168, -73.8136929
11367,40.7363913, -73.8314632
11367,40.740364, -73.8262195
11367,40.7338713, -73.8223451
11367,40.7331479, -73.8127448
11368,40.7509654, -73.8894359
11368,40.7469097, -73.8677346
11368,40.7536998, -73.8712017
11368,40.7556614, -73.8687135
11368,40.7554736, -73.8640843
11368,40.7561277, -73.8576708
11368,40.7616111, -73.8416189
11368,40.742969, -73.8423984
11368,40.7507591, -73.8533419
11368,40.7535594, -73.8539819
11368,40.7497559, -73.856583
11368,40.7526825, -73.8574595
11368,40.748896, -73.8595144
11368,40.7520503, -73.8611634
11368,40.7483492, -73.8622229
11368,40.7517365, -73.863612
11368,40.7480508, -73.8644943
11368,40.751655, -73.8662253
11368,40.7475018, -73.8662721
11368,40.7515396, -73.8687384
11368,40.7437912, -73.8654187
11368,40.7447361, -73.8613081
11368,40.7466051, -73.856599
11368,40.7437159, -73.8538128
11368,40.7391491, -73.8510991
11368,40.7381114, -73.8565503
11368,40.7418688, -73.8558125
11368,40.7407369, -73.8594604
11368,40.7398122, -73.8640628
11368,40.7363109, -73.8623266
11369,40.7590238, -73.8798382
11369,40.7668848, -73.8786774
11369,40.7590997, -73.8770465
11369,40.759612, -73.8741249
11369,40.7680154, -73.8712399
11369,40.7612829, -73.8724157
11369,40.7596839, -73.8694173
11369,40.7595246, -73.8656054
11369,40.7632227, -73.8679395
11369,40.7641434, -73.8636241
11369,40.7597146, -73.8599968
11370,40.7639881, -73.8993984
11370,40.7579485, -73.8900649
11370,40.7635831, -73.8910547
11370,40.7600116, -73.8960739
11370,40.7563165, -73.8962348
11370,40.7709218, -73.8930421
11370,40.7584364, -73.8854176
11370,40.7644351, -73.8827319
11370,40.7587306, -73.882628
11371,40.7929362, -73.8812065
11371,40.77493, -73.873758
11372,40.7503289, -73.8722567
11372,40.7537783, -73.8732099
11372,40.7521537, -73.8755691
11372,40.7503811, -73.877801
11372,40.7544055, -73.8780514
11372,40.7516729, -73.8802222
11372,40.7522203, -73.882592
11372,40.7511737, -73.8848654
11372,40.7514661, -73.8871163
11372,40.7512785, -73.8919022
11372,40.7513358, -73.8951993
11373,40.7453276, -73.8880321
11373,40.7468744, -73.8822114
11373,40.7446146, -73.8829538
11373,40.7441729, -73.8802681
11373,40.7471215, -73.878051
11373,40.7377217, -73.8698383
11373,40.7398775, -73.8706805
11373,40.7417149, -73.8712653
11373,40.7440007, -73.87109
11373,40.7469665, -73.8702981
11373,40.7454564, -73.8745855
11373,40.7433641, -73.8785865
11373,40.7469804, -73.8758195
11373,40.740985, -73.876564
11373,40.7372204, -73.8762312
11373,40.7336372, -73.8756505
11373,40.7354855, -73.8837114
11373,40.7422192, -73.8850516
11373,40.742098, -73.8896448
11373,40.7397517, -73.8843383
11373,40.7311285, -73.8833525
11373,40.7349758, -73.8690861
11374,40.7303105, -73.8692955
11374,40.7288894, -73.8632273
11374,40.7260562, -73.8675083
11374,40.7268771, -73.8602046
11374,40.722253, -73.8628711
11374,40.7162794, -73.8593568
11374,40.7288609, -73.8540811
11374,40.7261621, -73.8560468
11374,40.7313333, -73.859881
11374,40.733477, -73.8628305
11374,40.7311859, -73.8537376
11375,40.7091221, -73.85225
11375,40.7150711, -73.8555663
11375,40.7192652, -73.8550205
11375,40.7220697, -73.8524948
11375,40.72581, -73.8495395
11375,40.7241863, -73.8514774
11375,40.7346875, -73.8556228
11375,40.7162398, -73.847744
11375,40.7128119, -73.8521815
11375,40.7109534, -73.8463317
11375,40.7184405, -73.8432492
11375,40.7236929, -73.8442715
11375,40.7282813, -73.8470444
11375,40.7322992, -73.8492461
11375,40.7361049, -73.8508368
11375,40.7326161, -73.8452064
11375,40.7132499, -73.8400754
11375,40.71822, -73.8348167
11375,40.7243375, -73.8401994
11375,40.7164575, -73.8375688
11375,40.7150342, -73.8340325
11377,40.7563079, -73.909882
11377,40.7482726, -73.9143592
11377,40.7453409, -73.9196687
11377,40.7387096, -73.9224312
11377,40.7405546, -73.9220647
11377,40.7331014, -73.9301088
11377,40.7342777, -73.9113362
11377,40.7376585, -73.9180728
11377,40.7413362, -73.9170317
11377,40.7366667, -73.9020404
11377,40.739354, -73.9050486
11377,40.7422779, -73.89945
11377,40.7431151, -73.9042554
11377,40.7448223, -73.9096562
11377,40.7441688, -73.9131355
11377,40.7504263, -73.90792
11377,40.7501044, -73.9051748
11377,40.7485778, -73.9035261
11377,40.7472116, -73.900601
11377,40.7457619, -73.8970294
11377,40.7456048, -73.8926876
11377,40.7439354, -73.8941788
11377,40.7519327, -73.899483
11377,40.755998, -73.9067306
11377,40.7586829, -73.9030015
11377,40.7414691, -73.8946849
11377,40.7373155, -73.8921827
11378,40.7303893, -73.9218036
11378,40.7231493, -73.9189891
11378,40.7323708, -73.8942499
11378,40.7279048, -73.8917943
11378,40.7253902, -73.8904906
11378,40.731751, -73.8903723
11378,40.7273279, -73.9001655
11378,40.7318897, -73.8975137
11378,40.7309757, -73.9014977
11378,40.7246283, -73.900294
11378,40.7208648, -73.9015157
11378,40.7189703, -73.9066375
11378,40.7230578, -73.9083341
11378,40.7164749, -73.9126019
11378,40.7159321, -73.9189517
11378,40.7117089, -73.9078222
11378,40.7152482, -73.908713
11378,40.7172449, -73.902132
11378,40.7152135, -73.9024125
11378,40.7172559, -73.8939758
11378,40.7218219, -73.8913365
11379,40.7290799, -73.8747522
11379,40.7270209, -73.8815871
11379,40.7139219, -73.8990012
11379,40.7093274, -73.8835278
11379,40.7097907, -73.8770975
11379,40.7100147, -73.8726646
11379,40.7147523, -73.8666471
11379,40.7133356, -73.8829609
11379,40.7151186, -73.8752977
11379,40.7155449, -73.8824808
11379,40.7175103, -73.8817903
11379,40.7234528, -73.8727283
11379,40.7201905, -73.8803074
11379,40.7193458, -73.887358
11379,40.723567, -73.8859216
11379,40.7244752, -73.8781025
11379,40.7191106, -73.8724306
11379,40.7241179, -73.8701838
11385,40.7102102, -73.9178042
11385,40.7113165, -73.9132248
11385,40.7055479, -73.9126214
11385,40.702191, -73.9078131
11385,40.7015951, -73.9039117
11385,40.6989501, -73.9065464
11385,40.6972245, -73.9032791
11385,40.6986893, -73.8983148
11385,40.6944037, -73.9017315
11385,40.6924618, -73.8852171
11385,40.6942629, -73.8968742
11385,40.6968663, -73.8921828
11385,40.7003929, -73.8907145
11385,40.7034917, -73.8900443
11385,40.7039692, -73.8937889
11385,40.701938, -73.8976203
11385,40.704371, -73.8994203
11385,40.7071439, -73.9002784
11385,40.7062404, -73.9050398
11385,40.7081118, -73.9097807
11385,40.710208, -73.9026508
11385,40.7089649, -73.8931848
11385,40.7043812, -73.8781847
11385,40.704132, -73.8824139
11385,40.7037717, -73.8864539
11385,40.7009309, -73.8829632
11385,40.7044837, -73.8745715
11385,40.7053937, -73.8714054
11385,40.7047392, -73.8669609
11385,40.70836, -73.8622857
11385,40.7038953, -73.8569266
11411,40.6998291, -73.7441493
11411,40.7012577, -73.7369979
11411,40.701235, -73.7297322
11411,40.6984691, -73.7311844
11411,40.6971372, -73.7370565
11411,40.6982947, -73.7406666
11411,40.695063, -73.7333032
11411,40.6917471, -73.7353308
11411,40.6936037, -73.7413143
11411,40.6901782, -73.7432503
11411,40.6882912, -73.7367254
11411,40.6861196, -73.7295117
11411,40.6919497, -73.7288802
11411,40.6857824, -73.7419913
11412,40.6738111, -73.7867709
11412,40.6878123, -73.754119
11412,40.6933415, -73.7476394
11412,40.6896398, -73.7587786
11412,40.6945622, -73.7648097
11412,40.6981476, -73.7648635
11412,40.7000316, -73.768763
11412,40.7051937, -73.7707937
11412,40.7051196, -73.7643586
11412,40.705793, -73.7596688
11412,40.706984, -73.7554219
11412,40.7097116, -73.7537153
11412,40.7018381, -73.7520094
11412,40.7011396, -73.7546876
11412,40.7004447, -73.7573683
11412,40.7012277, -73.7619595
11412,40.6970946, -73.759763
11412,40.6940352, -73.7587303
11412,40.6963382, -73.7525403
11412,40.7001024, -73.7490919
11413,40.6612148, -73.7652124
11413,40.6718373, -73.7556979
11413,40.675791, -73.7509805
11413,40.6768943, -73.7364182
11413,40.681056, -73.7378193
11413,40.6819741, -73.7481021
11413,40.6802878, -73.7435795
11413,40.6765164, -73.7405087
11413,40.672774, -73.7423253
11413,40.6694592, -73.7448233
11413,40.6637096, -73.7500759
11413,40.6677937, -73.7504129
11413,40.6603465, -73.7554142
11414,40.6667964, -73.8467863
11414,40.6648771, -73.854407
11414,40.6557283, -73.833707
11414,40.6564324, -73.8449504
11414,40.6496649, -73.848588
11415,40.706597, -73.8286538
11415,40.7065798, -73.8251631
11415,40.7037257, -73.8290482
11415,40.7130842, -73.8265474
11415,40.7109133, -73.8352803
11415,40.7091018, -73.8323371
11416,40.6873154, -73.846767
11416,40.6847731, -73.8581871
11416,40.6837714, -73.8568176
11416,40.6832481, -73.8458743
11416,40.6818145, -73.8579641
11416,40.6776791, -73.854894
11416,40.6807593, -73.8546641
11416,40.6841012, -73.8390726
11416,40.6879308, -73.8418285
11416,40.6887757, -73.8388054
11417,40.6847999, -73.8474941
11417,40.6815294, -73.8429597
11417,40.6771807, -73.8593613
11417,40.6787479, -73.8487787
11417,40.6735448, -73.8486894
11417,40.677092, -73.8411415
11417,40.6707968, -73.8387752
11417,40.6814153, -73.8364868
11418,40.6971881, -73.8465756
11418,40.6972603, -73.8430922
11418,40.6923881, -73.8443722
11418,40.696497, -73.8310666
11418,40.6952063, -73.8343035
11418,40.6936535, -73.8374117
11418,40.6931695, -73.8407053
11418,40.6982524, -73.8401182
11418,40.7003482, -73.8378392
11418,40.701294, -73.8343887
11418,40.7052797, -73.8349794
11418,40.7009734, -73.8246417
11418,40.6986663, -73.8203471
11418,40.6984968, -73.8284961
11418,40.7043945, -73.8192723
11418,40.7086071, -73.8230763
11419,40.6809138, -73.8322684
11419,40.6854, -73.8312082
11419,40.6811536, -73.8288851
11419,40.6829682, -73.8265465
11419,40.685683, -73.824964
11419,40.6886096, -73.8305968
11419,40.6873142, -73.8350142
11419,40.6906515, -73.8338967
11419,40.6915009, -73.8286536
11419,40.6945021, -73.8223729
11419,40.6934064, -73.821155
11419,40.6937454, -73.8137824
11419,40.6921955, -73.8205589
11419,40.6903444, -73.8206072
11419,40.6888829, -73.8123322
11419,40.6875454, -73.819636
11419,40.68508, -73.8165574
11419,40.6733398, -73.8315832
11420,40.6787779, -73.8229675
11420,40.6812765, -73.8207045
11420,40.6793675, -73.8172334
11420,40.6843144, -73.8120017
11420,40.6823328, -73.8114011
11420,40.6805787, -73.8105518
11420,40.678825, -73.8097137
11420,40.6770911, -73.8087606
11420,40.6757857, -73.8054115
11420,40.6707019, -73.8039344
11420,40.6705126, -73.8090801
11420,40.6702951, -73.8195098
11420,40.6739493, -73.8176533
11420,40.667342, -73.8217805
11421,40.6932923, -73.8661578
11421,40.6896831, -73.8647717
11421,40.6859083, -73.8637277
11421,40.6873473, -73.8582587
11421,40.6907493, -73.8592987
11421,40.6942784, -73.8608412
11421,40.6950787, -73.85525
11421,40.6897177, -73.8548395
11421,40.69028, -73.8520154
11421,40.6913525, -73.849516
11421,40.6959777, -73.8505707
11421,40.6916415, -73.8472679
11421,40.6992056, -73.8517393
11421,40.7020724, -73.8534855
11422,40.679483, -73.757596
11422,40.6818554, -73.7318753
11422,40.6775523, -73.7292421
11422,40.6698445, -73.7330485
11422,40.6630276, -73.73755
11422,40.6625826, -73.7431388
11422,40.6598267, -73.7295592
11422,40.6585743, -73.7333631
11422,40.6562263, -73.7376521
11422,40.6513457, -73.7335193
11422,40.6551441, -73.7493644
11422,40.6651282, -73.8166208
11423,40.7112968, -73.7772983
11423,40.72248, -73.7712454
11423,40.7197956, -73.7671258
11423,40.7187428, -73.7624916
11423,40.712889, -73.7730045
11423,40.7148351, -73.7679226
11423,40.7158173, -73.7599374
11423,40.7119449, -73.7636159
11423,40.7088025, -73.7649038
11423,40.7101892, -73.7592925
11425,40.6888726, -73.7702025
11426,40.7385003, -73.7195555
11426,40.7349892, -73.7250512
11426,40.7288225, -73.7176109
11426,40.7284259, -73.7297083
11427,40.7243939, -73.7600775
11427,40.7207993, -73.7560521
11427,40.7231977, -73.7512827
11427,40.7277874, -73.7496567
11427,40.7277903, -73.7401593
11427,40.7255507, -73.7450034
11427,40.7316384, -73.7543823
11427,40.7335029, -73.7397763
11428,40.7169502, -73.7531219
11428,40.7190741, -73.7464902
11428,40.7225337, -73.7417049
11428,40.7254352, -73.7365634
11428,40.7246382, -73.7331947
11428,40.7215555, -73.7334033
11428,40.7197386, -73.7384034
11429,40.7104101, -73.7501193
11429,40.7027231, -73.7472729
11429,40.7066988, -73.745865
11429,40.7064789, -73.7425304
11429,40.7127947, -73.7432243
11429,40.7155712, -73.7335746
11429,40.7072457, -73.7307152
11429,40.706989, -73.7375538
11430,40.6522668, -73.7546727
11430,40.6470241, -73.7869533
11432,40.7126448, -73.8081463
11432,40.7073435, -73.8049191
11432,40.7049531, -73.7977905
11432,40.7081869, -73.7998476
11432,40.7110219, -73.8026344
11432,40.7142208, -73.8047869
11432,40.7146269, -73.7995759
11432,40.7126504, -73.796012
11432,40.7166298, -73.7939898
11432,40.7152626, -73.7909261
11432,40.7082566, -73.79349
11432,40.7098547, -73.7879749
11432,40.7168637, -73.7869958
11432,40.7140095, -73.7851
11432,40.7104936, -73.7822789
11432,40.7176257, -73.7789434
11432,40.7204943, -73.8037061
11432,40.7244088, -73.7834061
11433,40.6947171, -73.7975963
11433,40.696042, -73.7872795
11433,40.6927524, -73.7933078
11433,40.6910079, -73.7920924
11433,40.6922318, -73.7857904
11433,40.6918812, -73.7816949
11433,40.6886843, -73.7913978
11433,40.6996318, -73.7807705
11433,40.6953923, -73.7722684
11433,40.6961991, -73.7786464
11433,40.7026771, -73.7846237
11433,40.7057626, -73.7818463
11434,40.6979669, -73.7923343
11434,40.6835771, -73.79132
11434,40.684905, -73.788989
11434,40.6875883, -73.7862396
11434,40.6860961, -73.7829164
11434,40.6883158, -73.7797191
11434,40.6849947, -73.7738873
11434,40.6825033, -73.7778568
11434,40.6783771, -73.7891284
11434,40.6804499, -73.7825908
11434,40.6713239, -73.7810654
11434,40.6648787, -73.7804012
11434,40.6701348, -73.7637361
11434,40.6791764, -73.7674364
11434,40.6775247, -73.7756657
11434,40.6749102, -73.7722402
11434,40.6734185, -73.7676486
11434,40.685634, -73.7630903
11434,40.6853212, -73.7664846
11434,40.6913107, -73.7758835
11435,40.68592, -73.8034759
11435,40.6894694, -73.7999085
11435,40.6918446, -73.8028034
11435,40.689757, -73.8078112
11435,40.6951701, -73.8034154
11435,40.6943396, -73.8092386
11435,40.6983846, -73.8068764
11435,40.7009025, -73.8116224
11435,40.7060668, -73.8152035
11435,40.7136237, -73.8206481
11435,40.7132012, -73.8144646
11435,40.7095892, -73.8112809
11435,40.7052221, -73.8090375
11435,40.7032775, -73.8050793
11435,40.7012022, -73.7964993
11435,40.7173276, -73.8129618
11436,40.6761566, -73.7991566
11436,40.6751912, -73.7922208
11436,40.6789477, -73.7943611
11436,40.6798776, -73.7989572
11436,40.6816256, -73.7998473
11436,40.6853862, -73.795222
11436,40.6838157, -73.8006369
11436,40.670331, -73.7903645
11436,40.6724831, -73.7966161
11436,40.6689234, -73.7969557
11581,40.647178, -73.7430504
11691,40.593907, -73.7811283
11691,40.5975334, -73.7759111
11691,40.5938729, -73.7677462
11691,40.5980835, -73.7575992
11691,40.5932371, -73.7596129
11691,40.611341, -73.7661007
11691,40.603148, -73.7575401
11691,40.6031914, -73.7672212
11691,40.5986579, -73.7412531
11691,40.6014484, -73.7504279
11691,40.5958448, -73.7490073
11691,40.6089555, -73.7554305
11691,40.6066697, -73.7475132
11692,40.5916392, -73.7993734
11692,40.5925505, -73.7918429
11692,40.5962249, -73.7855141
11692,40.6036722, -73.7803703
11693,40.5913939, -73.8105575
11693,40.5850662, -73.8101695
11693,40.6035045, -73.8214155
11694,40.5685017, -73.8719915
11694,40.5732499, -73.8598028
11694,40.5731798, -73.8518167
11694,40.5813729, -73.8465839
11694,40.5756304, -73.8402862
11694,40.5797628, -73.8293271
11694,40.5857865, -73.8213404
11697,40.584954, -73.9185332
11697,40.5935154, -73.8914194
11697,40.5603525, -73.8870179
11697,40.5646391, -73.9108833
11697,40.5526839, -73.9245263
12692,40.5910232, -73.7800977